{
    "rajput": 17.604389949688,
    "vinny": 9.403417620295443
}